from,relation,to
hardware:ddr3_dimm,IS_A,hardware:memory_module
hardware:ddr4_dimm,IS_A,hardware:memory_module
hardware:ddr5_dimm,IS_A,hardware:memory_module
hardware:ddr3_dimm,FITS_IN,hardware:ddr3_dimm_slot
hardware:ddr4_dimm,FITS_IN,hardware:ddr4_dimm_slot
hardware:ddr5_dimm,FITS_IN,hardware:ddr5_dimm_slot
hardware:ddr3_dimm,INCOMPATIBLE_WITH,hardware:ddr4_dimm_slot
hardware:ddr3_dimm,INCOMPATIBLE_WITH,hardware:ddr5_dimm_slot
hardware:ddr4_dimm,INCOMPATIBLE_WITH,hardware:ddr3_dimm_slot
hardware:ddr4_dimm,INCOMPATIBLE_WITH,hardware:ddr5_dimm_slot
hardware:ddr5_dimm,INCOMPATIBLE_WITH,hardware:ddr3_dimm_slot
hardware:ddr5_dimm,INCOMPATIBLE_WITH,hardware:ddr4_dimm_slot
hardware:cpu,PACKAGED_AS,hardware:lga
hardware:motherboard,CONTAINS,hardware:cpu
hardware:motherboard,CONTAINS,hardware:pcie_x16_slot
hardware:motherboard,CONTAINS,hardware:m2_socket
hardware:motherboard,CONTAINS,hardware:sata_connector
hardware:motherboard,CONTAINS,hardware:atx_24pin
hardware:motherboard,CONTAINS,hardware:cpu_power_8pin
hardware:nvme_ssd,USES_INTERFACE,hardware:m2_socket
hardware:nvme_ssd,CARRIES_PROTOCOL,hardware:nvme_protocol
hardware:sata_ssd,CONNECTS_TO,hardware:sata_connector
hardware:sata_ssd,CARRIES_PROTOCOL,hardware:sata_protocol
hardware:usb_c,CARRIES_PROTOCOL,hardware:usb_protocol
hardware:usb_a,CARRIES_PROTOCOL,hardware:usb_protocol
hardware:pcie_x1_slot,CARRIES_PROTOCOL,hardware:pcie_protocol
hardware:pcie_x16_slot,CARRIES_PROTOCOL,hardware:pcie_protocol
hardware:fan,POWERED_BY,hardware:atx_psu
hardware:heatsink,COOLS,hardware:cpu
hardware:gpu,PACKAGED_AS,hardware:bga
hardware:usb_c_cable,CONNECTS_TO,hardware:usb_c
hardware:sata_cable,CONNECTS_TO,hardware:sata_connector
hardware:ethernet_cable,CONNECTS_TO,hardware:rj45
hardware:ddr4_dimm,PREDECESSOR_OF,hardware:ddr5_dimm
hardware:atx_motherboard,IS_A,hardware:motherboard
hardware:atx_motherboard,CONTAINS,hardware:cpu_socket
hardware:atx_motherboard,CONTAINS,hardware:vrm
hardware:atx_motherboard,CONTAINS,hardware:ddr4_dimm_slot
hardware:atx_motherboard,CONTAINS,hardware:pcie_x1_slot
